{
  "1": {
    "original": [
      -1,
      -1,
      1,
      1,
      -1,
      -1,
      1,
      1,
      1,
      -1,
      -1,
      -1,
      1,
      1,
      -1,
      -1,
      -1,
      1,
      1,
      -1,
      -1,
      -1,
      1,
      1,
      -1,
      -1,
      -1,
      1,
      1,
      -1,
      -1,
      -1,
      1,
      1,
      -1,
      -1,
      -1,
      1,
      1,
      -1,
      -1,
      -1,
      1,
      1,
      -1
    ],
    "noisy": [
      -1,
      -1,
      1,
      1,
      1,
      -1,
      1,
      1,
      -1,
      -1,
      -1,
      -1,
      -1,
      1,
      -1,
      -1,
      -1,
      1,
      1,
      -1,
      -1,
      -1,
      1,
      1,
      -1,
      1,
      1,
      1,
      1,
      -1,
      -1,
      -1,
      1,
      1,
      -1,
      1,
      -1,
      1,
      1,
      1,
      -1,
      1,
      1,
      -1,
      -1
    ],
    "flips": [
      39,
      25,
      26,
      43,
      35,
      41,
      4,
      12,
      8
    ],
    "recovered_async": [
      -1,
      -1,
      1,
      1,
      -1,
      -1,
      1,
      1,
      1,
      -1,
      -1,
      -1,
      1,
      1,
      -1,
      -1,
      -1,
      1,
      1,
      -1,
      -1,
      -1,
      1,
      1,
      -1,
      -1,
      -1,
      1,
      1,
      -1,
      -1,
      -1,
      1,
      1,
      -1,
      -1,
      -1,
      1,
      1,
      -1,
      -1,
      -1,
      1,
      1,
      -1
    ],
    "converged_async": true,
    "success_async": true,
    "history_async_energies": [
      -6.755555555555555,
      -8.622222222222224,
      -10.400000000000002,
      -12.533333333333335,
      -13.86666666666667,
      -14.666666666666668,
      -17.155555555555555,
      -18.222222222222218,
      -20.79999999999999,
      -21.95555555555555
    ],
    "history_async_sweeps": 2,
    "recovered_sync": [
      -1,
      -1,
      1,
      1,
      -1,
      -1,
      1,
      1,
      1,
      -1,
      -1,
      -1,
      1,
      1,
      -1,
      -1,
      -1,
      1,
      1,
      -1,
      -1,
      -1,
      1,
      1,
      -1,
      -1,
      -1,
      1,
      1,
      -1,
      -1,
      -1,
      1,
      1,
      -1,
      -1,
      -1,
      1,
      1,
      -1,
      -1,
      -1,
      1,
      1,
      -1
    ],
    "converged_sync": true,
    "success_sync": true,
    "history_sync_energies": [
      -6.755555555555555,
      -21.95555555555555
    ],
    "history_sync_iterations": 2
  },
  "2": {
    "original": [
      1,
      1,
      1,
      1,
      1,
      1,
      1,
      1,
      1,
      1,
      -1,
      -1,
      -1,
      -1,
      1,
      -1,
      -1,
      -1,
      -1,
      1,
      1,
      1,
      1,
      1,
      1,
      1,
      1,
      -1,
      -1,
      -1,
      1,
      1,
      -1,
      -1,
      -1,
      -1,
      -1,
      1,
      1,
      1,
      1,
      1,
      1,
      1,
      1
    ],
    "noisy": [
      1,
      1,
      -1,
      1,
      -1,
      1,
      1,
      1,
      1,
      1,
      -1,
      -1,
      -1,
      -1,
      -1,
      -1,
      -1,
      1,
      1,
      1,
      1,
      1,
      1,
      -1,
      1,
      1,
      1,
      -1,
      1,
      -1,
      1,
      1,
      -1,
      -1,
      -1,
      -1,
      -1,
      1,
      -1,
      1,
      1,
      1,
      1,
      -1,
      1
    ],
    "flips": [
      38,
      28,
      2,
      14,
      23,
      4,
      17,
      18,
      43
    ],
    "recovered_async": [
      1,
      1,
      1,
      1,
      1,
      1,
      1,
      1,
      1,
      1,
      -1,
      -1,
      -1,
      -1,
      1,
      -1,
      -1,
      -1,
      -1,
      1,
      1,
      1,
      1,
      1,
      1,
      1,
      1,
      -1,
      -1,
      -1,
      1,
      1,
      -1,
      -1,
      -1,
      -1,
      -1,
      1,
      1,
      1,
      1,
      1,
      1,
      1,
      1
    ],
    "converged_async": true,
    "success_async": true,
    "history_async_energies": [
      -7.7333333333333325,
      -9.866666666666669,
      -11.733333333333333,
      -13.955555555555554,
      -16.53333333333333,
      -17.066666666666663,
      -20.08888888888889,
      -22.222222222222232,
      -25.60000000000001,
      -26.488888888888898
    ],
    "history_async_sweeps": 2,
    "recovered_sync": [
      1,
      1,
      1,
      1,
      1,
      1,
      1,
      1,
      1,
      1,
      -1,
      -1,
      -1,
      -1,
      1,
      -1,
      -1,
      -1,
      -1,
      1,
      1,
      1,
      1,
      1,
      1,
      1,
      1,
      -1,
      -1,
      -1,
      1,
      1,
      -1,
      -1,
      -1,
      -1,
      -1,
      1,
      1,
      1,
      1,
      1,
      1,
      1,
      1
    ],
    "converged_sync": true,
    "success_sync": true,
    "history_sync_energies": [
      -7.7333333333333325,
      -26.488888888888898
    ],
    "history_sync_iterations": 2
  },
  "3": {
    "original": [
      1,
      1,
      1,
      1,
      1,
      1,
      1,
      1,
      1,
      1,
      -1,
      -1,
      -1,
      1,
      1,
      -1,
      -1,
      -1,
      1,
      1,
      1,
      1,
      1,
      1,
      1,
      -1,
      -1,
      -1,
      1,
      1,
      -1,
      -1,
      -1,
      1,
      1,
      1,
      1,
      1,
      1,
      1,
      1,
      1,
      1,
      1,
      1
    ],
    "noisy": [
      1,
      1,
      1,
      1,
      1,
      1,
      1,
      1,
      -1,
      -1,
      -1,
      1,
      -1,
      1,
      1,
      -1,
      -1,
      -1,
      -1,
      1,
      1,
      1,
      1,
      1,
      1,
      1,
      -1,
      -1,
      1,
      1,
      -1,
      -1,
      -1,
      1,
      -1,
      1,
      1,
      1,
      1,
      -1,
      -1,
      -1,
      1,
      1,
      1
    ],
    "flips": [
      11,
      34,
      41,
      25,
      9,
      8,
      39,
      18,
      40
    ],
    "recovered_async": [
      1,
      1,
      1,
      1,
      1,
      1,
      1,
      1,
      1,
      1,
      -1,
      -1,
      -1,
      1,
      1,
      -1,
      -1,
      -1,
      1,
      1,
      1,
      1,
      1,
      1,
      1,
      1,
      1,
      -1,
      1,
      1,
      -1,
      -1,
      -1,
      1,
      1,
      -1,
      -1,
      1,
      1,
      1,
      1,
      1,
      1,
      1,
      1
    ],
    "converged_async": true,
    "success_async": false,
    "history_async_energies": [
      -10.577777777777778,
      -11.733333333333336,
      -14.4,
      -15.91111111111111,
      -16.17777777777778,
      -17.6,
      -17.77777777777778,
      -21.15555555555555,
      -21.688888888888886,
      -22.93333333333333,
      -26.755555555555553,
      -28.444444444444436
    ],
    "history_async_sweeps": 2,
    "recovered_sync": [
      1,
      1,
      1,
      1,
      1,
      1,
      1,
      1,
      1,
      1,
      -1,
      -1,
      -1,
      1,
      1,
      -1,
      -1,
      -1,
      1,
      1,
      1,
      1,
      1,
      1,
      1,
      1,
      1,
      -1,
      1,
      1,
      -1,
      -1,
      -1,
      1,
      1,
      -1,
      -1,
      1,
      1,
      1,
      1,
      1,
      1,
      1,
      1
    ],
    "converged_sync": true,
    "success_sync": false,
    "history_sync_energies": [
      -10.577777777777778,
      -27.999999999999996,
      -28.444444444444436
    ],
    "history_sync_iterations": 3
  },
  "4": {
    "original": [
      1,
      1,
      -1,
      1,
      1,
      1,
      1,
      -1,
      1,
      1,
      1,
      1,
      -1,
      1,
      1,
      1,
      1,
      -1,
      1,
      1,
      1,
      1,
      1,
      1,
      1,
      1,
      1,
      1,
      1,
      1,
      -1,
      -1,
      -1,
      1,
      1,
      -1,
      -1,
      -1,
      1,
      1,
      -1,
      -1,
      -1,
      1,
      1
    ],